PatientNumber,prepared_create_tx,private_key,public_key
Generating patient data for patientID_:1,3476332ae69900855f61ee9794b65058c27d482f020da42258cf6a4241906efe,3dm3FpmP6xhqQTvxUsEG1GxyRgMtXAqRnjEoGyC3EHWh,94TBrhHCwZ6R2HtEcjax1hWtrXaHdBxZD3vvv3g9UYfs
Generating patient data for patientID_:2,f046f545ea81e8d2b00b0c85f021921606352ce06d64de1894f2069591b32d4b,5RfBBQ2uoShqFgwvsV9RE4kmC7oZSmt996WLPT4LJYHA,CY9Woq2cp2gsMnFNSxz9XX1L6zMtouBuhy7XXJWyPMsr
Generating patient data for patientID_:3,4c4bcbf26231b59c4c6a4992819ff536c591e792e027611456ca954c3af5ea2c,7yAGauuzRW83pDipG5aBAL7wXZLVJu23sQTKBFpqjceQ,9tV7K41biqha2B4q4DjNbCiW3j5jH54Ema6dKHoU9zGu
Generating patient data for patientID_:4,3a123c39c86b74e99fb6d77543e4d1ebebf2ba94c2e67155b6791bec69c3334d,CBR4zNgywaexz4nr6S6jCpEfk7gy7QoLQSdfTzvmx7TL,Ama2YcabVta9V8zDepDZN2rSVwH9Xh11KHU76qEdfrMX
Generating patient data for patientID_:5,8d6443a71722a6dbc932584ffc2116a69ae7e434c11b592044ca590d60606880,8xKDkCoep1hFxs4hF2c6nsdDpCJfZhn39xkZWHKUz714,C3j4JPDyKDuNTmTA7d2DbqJAin7Q2dYJvcZ9MbJcs66H
Generating patient data for patientID_:6,432248b0d52600966884fc390703c64b3c7a001aea98c1ff7248da65f2fda59c,HzqZSpN6Cfp5W5BRB5QmZUAnBbzYZjwzZ8PCxq59Vpf2,C3wVi7fyzxZAT2HQVeS7AFR8aMHkNCS4km4av9xUn8Gh
Generating patient data for patientID_:7,c63cc9b9c01da361000a7433db52d838f0481393cb276c68e6ab088e4311746a,EDuM45hrBk1JxRVzxb9jrWM1sgAjLXoCw63MvznYnXKS,GGuacc1tTa6Q8tzgBjNteoVbRnx5z9LJUxo5w8RuPnzk
Generating patient data for patientID_:8,52f2e95537aad88fe1b8e32984dc17492b434df4aed0ca2ea5e64efce77bc81c,9MtYntNFSfR8F66iDa3CxmYbHmtqrRGzwKSvFYN9rNKv,57HxyUGxcGnbnvvcbJBj3B3fR8tnbDcEjWhhVDrRzeYK
Generating patient data for patientID_:9,2d4ef8e8450ba46dc2f7426d752711fc760cb098b5d5125e7585fc425fd4aefd,D9vE5HevWdYV3EE9qomR5QLjLrvZ9HDeKjmv8prGupKs,3gQWFmf6TUB6xh9Rv3kt3sufz3EUCW25HiStifEJ8qey
Generating patient data for patientID_:10,e880425da4a3091d054892d68d69b6c9bc4bf483588c5d0c2bc6bdbd1960ead3,8czpvwZH2QRGSAgaW9EzuJ2QGqAceA6kN5WavChki4u,59VGNuuLweWHjavVZoEBkYCQdaRhoJKSQWniAQkSGXD9
Generating patient data for patientID_:11,63a45cd1feef6a7d3782f47cb0dc9ea018dcf0e55f0a85277ddb5da7f2c86058,3q4wW1T1JoEJYNZnCEVwFEesFfkiAeWaHndKS13H6Q5F,FGqkKBbG1rX2ETjxdqRyPQgryzFg7DYPYDpDZFUxjKH6
Generating patient data for patientID_:12,f9caff12d4e025facc62aa07586ae8ad41d3f8809f058e5134482ece284696f8,3jmirXL5n11BuMKtMfuZNwhoxe4sEXSJMqY4dXipzQ1j,FpL3pezgNDg4DocYK3dqeu2PTsRuMia3S35kCYkbMH7r
Generating patient data for patientID_:13,cd5660b9477710f9a591e723c84f9295eac92d8fe396368cedf3655900a7cbf9,5NJEiStGp3KgbrzmLpU59UMtWBm4TBo2GFGPcg8Gskyt,AiD3GhQXaMhyZVpT1EqptVuc5pwTSYkQqWz8fE2fqft4
Generating patient data for patientID_:14,ac50969bcc89ed383745e87cc341f3b06523d5729665a89b971d1aedbfe2b9e0,DHA1AyKB9wURpUnhevoG3jHjkQ3rLLVynepFK3Dj7YPw,4nQXaFxewjqjP9CfUEqwtskXF28cpLW6tKjMXgX5aS4Q
Generating patient data for patientID_:15,6575e7cc5da803de79fee7b1a68da25f3a159d857ebbe4d5775b1a1413acb1ee,6yvJ5EvywzMjvVBSo2hLoDy1onrynAy6KbHpgqT6iJWb,3c28AkuHVPe14fXSWnmF4UYAsa8svuaXKBr5j5vEh1hS
Generating patient data for patientID_:16,f65e249e52621e812597abe4c67463b9647174558eb9ad90aa5eb257edba1fef,u8dfGC78EGrUAG6y2yxx4KNv5cocz4QRPnTWqvmmSBC,EGu5E9eRxya5g5rMWit1LXRhEUMCr9sd9bxXJenXRNvP
Generating patient data for patientID_:17,db54592cd117eb19f4716adf57da2267a3fda7544d5d7643ac14baaec2090aa1,GHm9bzDaMeGTTsF62MFkqcDygz7ELoA6AwvcHFaxVnjo,HzaBC38KWa67YCr6RCQQbE2ChiV59zd55jjPP8xmYB89
Generating patient data for patientID_:18,228c2693d8fe109188e1b8832b3cb94104fd9dee4eeca0fecfd31acf519a7062,FahFoF9DLorCp2nrz43Y2Wbof4EDBgKLjCEmT9kKsX22,2bUDgbvpiVtt8DtWG4X5hC3JkDTPmynzgfb62iJm4LFk
Generating patient data for patientID_:19,73f5b619d0d59c95a4325cadd5a551fd6c0d874c2f70772836002d8bae0de203,B2ExBfnbmgQQF5sosb1hwZ2xuCRJKt4THBjCeWCG4px9,9pv2pQRPv58pz4vEdu5f86fRDMTMcnBN6PmxF5eZUMpj
Generating patient data for patientID_:20,4778e3b06b94131e3a23b9620be97c95e772615b16533cc436781d5801a0d78a,7RtZRwsvXXkDmyYq6oJnHqFyd9AT3XXSrzLfd4cThgja,6RvNidr52euyfTBLtLu1BXPD5EgFZoehmGA7UEuzy6fo
Generating patient data for patientID_:21,cfa12ec019505c6ca340cc3385e187ecc35bf6e6d5614d31f62f25c9e5b0dda2,9NyH4ZCJz7mycqN8wLHbidieaVGDKHw7mpZnUuBXkZSg,5ErS2bzaSLDUykY1tsvPazWFr5nUo3M2i31dQ7cKgtWL
Generating patient data for patientID_:22,eec4f6e5926902282d7f5ee6f237b5be774420e4970ac1ccd5a78c397b8d9498,B8HhKWgJyxCowx5LiW8g7yZBtQGYe8Sy4WJKU3taE2T2,6nPHdbnYfyAS6gjh9mP1Br11SJGkRvadmQY9NhxkT9mf
Generating patient data for patientID_:23,938f0ab4d64957cedf809807803a9cc522ce1fe069bab95f68d40fcc05c77f7e,5vx2L6jentGvoWj8Y2KGpsKw8kZ18KnjjfAeeTDrTPKu,3DDyuCH7xiLEyVT5A4eHBF3CTdASNaixn6rdg8WijQ22
Generating patient data for patientID_:24,36d14c7e5920fd4c4f29684cd41f552fb51b6ad28751ed44c3b1f7b6208bf036,BMXN2chU4JqpMgvzai72TYYkmuD2CNigPuNzfXrMUNQD,6K1pJegg6PmUALECEpznNcCj5XJ62XFZUrApnnmVmSaQ
Generating patient data for patientID_:25,9e3bcf9cfd192819016d5b9f38f71a5ffc350a280f13193b289ae79c1617081d,HerhFH1XkHQgzYw1HgNeRFUsfbyL5dfVaSxDjsRhr7NH,9DRBMXtDk7PEPRbS59ny1hGMkgC7Uqjt16jPqgGDMctv
Generating patient data for patientID_:26,bf6c4f85dfe5f137e03642f8b7424365790d51e3ce2a8db041cc265165ebe480,4CmfUh6gmkNy69Pa7AWLjDMGCTa2mokbDoLKLuEypeYy,G1WeDeJX81iwVzdDHhmzatrF9dRyFdZ2wwVE25ytZgFz
Generating patient data for patientID_:27,0ee3582b8cde1bf226da02dd6b78d820d43fb91506d2e22bfe98c67a52db76c4,Bgdut1qCj3PDfDU8jHb5iQeaMZLTs4hS6TJNYoHtfd42,8KJhHZVV91BPVdSqp7ziSHhE3V4rBVMTPXM1Yyj1gKV5
Generating patient data for patientID_:28,99d720f53ee4fab3d233cb1e942c3dc7acbb0b3cf1316a1b4aeb524b7147891e,Eyv5X5cLdG19667w55qvGBhZaFWv9Rv3rA5ePCHxyPz2,GHPYXB9vM3FMjRRXRNnwc6PwhzxTFR29X15pZUPHE1oM
Generating patient data for patientID_:29,db01540f47024a8e1427e7dc5e9d61b871c9368ef40b0cb3451922cc7750d1eb,GRZfRFNvD5yxhCBmWgJZ8TsQ9vzdMvg7Ftdb3k1TkvRC,8SxvvYgThjXNH8fkzu6DYJJDWxTs2KPZyn5baPeLDXzj
Generating patient data for patientID_:30,18ae11b7197e8a86dc6d6668bfaa34f0ba7001695c76269da85fed77f8440a34,2Xz2i3pZefNV4hDirUUsaVTrRe7FhLCdDDAC9AZWW6TX,FJqYnv6tGBWyBSsiHx9Cim14ky7dV58N9Z6hejpHSKip
Generating patient data for patientID_:31,608f469d9f760a613fbbc695bf982f02d60017fbeafb7ac642b05971f523e59a,4WyVQsJUbStUxcgiEaRmuNtaeaZb9xxvbi9anXfwfFWB,F7cCwc9KNddvBzV5euWSgss5B6uXCkAgCosvJ3MuN9h6
Generating patient data for patientID_:32,7e906b87daf86bcb8fc34085bb93b89aa08664f208e5ef477ec58f6e613f5c9d,EoQkyMK7Rqdr5UUY5A5v7g75HQNPp45mWWxntNfRD89h,H8zPXWA76ntUKh2Q5vE6aKuGvzHkYunm5NAMe7sgSQxV
Generating patient data for patientID_:33,02082af1812436839ce40cfef2631dc3d000a47a236a0116e3186c555788533a,Gk5QgBRXoSez4bAc1hYeGyYoHe5rXtejiiaF5Aa36Qx1,3aAKqbrRrAnfdCagZ638rPRoH3pVhefithML3V7y51Z5
Generating patient data for patientID_:34,4de12e454296e9f0c4545d2b165595a4a66a48e9ce85044cd88bfaa50785eee2,2XwdGoGvsF2ctAnyJAHQLtfi4okB2jYPX63uMzRAceiG,7GVRDEUjzHzoj1DXpdGDxyEshuMkMfL2QA9DYrfnKZnJ
Generating patient data for patientID_:35,a62f2c976ac8fcceaf39b0b1a9f0e6f4705d433d82b162b139f87310cdfe2d0c,GBaHUfxaQPawRGRCHoJL3W5mxdxD3QyZUh4cm5PSucNx,EJoha62seKGurM6FBzw2ZpBUXiwHtJZGzGQ15yJdZXQh
Generating patient data for patientID_:36,7fdc5b5f52713fb51e3dce361dcb2a5aa3d87be96e5c2d698ca7c1d3de6278fb,HCVcV2m9R4aAbdQsZ9VqoXhSk6eaEuwcSeNnAZzrWfNX,Ajh4hhqxPUwP1XXeMTfFQUadTu9YFWhiS2PYm66TGiod
Generating patient data for patientID_:37,4152bb576f2983a52f5b3fa3e812255978c770414eaca120fefcf8d76fd8eb55,2zy6yTbHxuDT8ReudLibw4Cua3sXqyUWpjJa141kEuQt,BAyVMBGUYr1uRR74kYCP4WMakSKVnaBJgRKbjBX9ZaHU
Generating patient data for patientID_:38,4afadd86a586bf04491ea03e27f0419e6cbcea77200e297e7e43c27bdf871e7e,4s7QLzMpcTffXur9RWVCGmNn9zZKffX1ZxKZYhifLPz8,28koy1QsgNfFgqvnktXpwUHTgxEK2A9Mm9S952EdAnB4
Generating patient data for patientID_:39,bd68ad9927497bfa036365a8c3c85b330f232341f9d7facb7701ae21a2ae819e,GW1vwfa8zhHrnWBxn9bUsUxFEC6ixkDajU5gFk9iTSrN,2YAigfbSVkLwzyZqYtnafiTbmAfFSZ2g1uywHr281i3a
Generating patient data for patientID_:40,56ba42572380be93b530b2906ff24447e82e97d73fa1f89c8d671a93b2de5e48,9t2NxjkgNYJwbdHSr5Ex3rBv3JZEkMYjqvqPVS5otaej,FrGx5vbU16F2asUuvAb1UjSzYZ9aRGy3bN5xC1fdqGXQ
Generating patient data for patientID_:41,ca9e5db3d79824b47443e403d619c2ca741130b06fbbc1d7a4ee829eb6c7ec7a,F8dSnQK4SEc25ZiQiytDWjbVVXaKD2aW6XQLZXc8gV74,FMJJjSQfkjc8JJr4Z4cgkNpduAkpobTC3bHAH1u5JegY
Generating patient data for patientID_:42,8529841557931f1edf65a5f307f3dc164d40d6e7f7d663cdd1f5445e6562aaf2,CLdme7NsxvPhTzAXVf7BTTbu7U9Dk5uV6FqCKTu9zgKh,5h49poTjNVResEHTbEsYfuWuNaczFNd8965XbUqmfDmm
Generating patient data for patientID_:43,710ae59a64e311c466c401060c283e9b95b803faad55163e15185cd1bdc197fc,6jCC1HCjb68CR3ijupzCNnbMDxF3xyxsXw3KXwSkabYv,GjyWic9Bq2eaNsWdram9zdB2NjaFyZbYG1cT1Nrf5key
Generating patient data for patientID_:44,08ad3936996feba5dc6db8610139398d7ee251169a57c90482c4a0fab67b2549,541oJDjWrJtreMMDFhbKRG7SEhSdFbYFs4H4gTUrJ3aH,8UZAePcMC43mokLnxuiPZpJeckfxPs3ApPyB4jDzgyAu
Generating patient data for patientID_:45,1d9678e7878b138e49082c1fd6aea2f1d1e68dece08d15229138354ed078b11a,CJX9kdtiNaBGUSs119TkQockT2FR73uowHXSMArUMzCm,EWKqsXFfgHUKyuUcWCZrJ5XYgSDq6USc8ht25YpdMyd
Generating patient data for patientID_:46,0d97b04c3848282fc1226dc3fde475fcf45fc3c8d20e908d340ee976b146ac53,45LqEaEvqYR1hhnAsdaA2z3wkFvrDTSiGeuMszVkFUVb,Hr38VLu5HVTagg3d6MXsZX5z8xrajpAEs7d1kkNStwHb
Generating patient data for patientID_:47,ca329848016eec1bc9834257ce2cfbaf39a16741d00ab5dd4e5d2e4700581ade,3C6kbra1tmY2yqAxu9bDeEyduWWyptkgcnymYWapNshs,AAcXMozVwwhWgcAxYCU9Dt5asAWLyGCyVw6xiTaDbH16
Generating patient data for patientID_:48,63e47bca4a25c80930fafd476fddcc22de6ef5843e5b02b5d03b653f39b766d7,DwBoSt6JRc43E5dsJzFtQTpDZXQdyXo8fTD5vhuvjzJs,3c8Z7cS9ZH1evNzSMH8Jtf6dRqjGwzBYLWZ88uQwhuM9
Generating patient data for patientID_:49,6c3e35d518fbcf81855b80411bb96f320a5743b897d5ae4b5094952d6117dca0,FMSHSfuuYW2dGQFw4micQrHcLs1QynaP4obWRFikwvqa,GJUwyer7XLhepED5xgwiN7BviHfsDHUYs3yyaM8FDyUF
Generating patient data for patientID_:50,490103b30fe01dfa6ac4917e5a2538816ca4742e15c67b89dab02b22d13ba5f4,4GkRiJyP4u3tuLQb829bCad9TEURSqvTSw4HLmdP4RE5,7zXLjS72PWrqUxh6bXVbPXMQu7JX9ktsJKqXJsrSfS76
Generating patient data for patientID_:51,d8d4e9a025e34c000e931c0176ea855ca9a28cc4f496937e6526b29aceba14c4,7nefcz6cKBCUZHdyjMtexRMoPugZgN9sSkrVKFSKj5Wx,DpM4j53Spy3rBUbDGR63VnKiSKweGStctJ2QAQ4drpN1
Generating patient data for patientID_:52,f8ec489dbfe0ca4f8a39a06aa00b155b1703c10ab242d24d5190865fd2b1de78,4pBi9ec63kRDZCjUJhdhBjrBXSeAjhVETEfXtoTd7ezS,EgmeZLfsk18k4RCrL8wict7izXaDRferQadko2fHCVXB
Generating patient data for patientID_:53,d213d6acf8cd22289686892d29eeaddab363e1e0665f0ae08ecb5367a5bafd46,Xg2GNTpQrRirRfL4mnbUg7gR97UrMUBgKnE78J7Sps9,3ok6HmfrMnExHMwme5oZmVGxcnShpXJgxntEcT6YsVDK
Generating patient data for patientID_:54,68fa90eca391125f268beb8d0d104c6f34f27363765e8684c16abec68710df20,2dZ8Qj1iEjbxiVQXQUHZccvjmUaG4gmjpCpArcGqRLQ3,2noZcJE32VcbjoWCCDEgaCmuUggX5Ha7Q9HYugYv9xhj
Generating patient data for patientID_:55,8abbdb2a25e7fcab21a447cc0d3dad8c8a4788a701a8ea3bd5f0c4f6d4002861,2LYgjNNTiHcWYK3rokb61MSpN4epCexoz8b3LDdH7X5j,5fQSth8HPHrvrHegMptwJmLPy9fmkHP42QFbuooZxsPC
Generating patient data for patientID_:56,7e17213fa1cad2445c888b3c75d4ea85a2dc02cb50142f801e19471f36dd585d,1AdcSezmhpLGbFNYjrZ1w6CWoM2Q8Fycb7QMUMXfucD,7UxTxCy1dUZDpWKELRbcriyyKXTMczUn3EthyaAC3f1T
Generating patient data for patientID_:57,3024e3991264fbaa147303f56ad8bc20fe813efbe994f7933f6acd6e7c055311,8Qjd4jMs6pg6bq1Va5z5NUAHmNWyjGxZ7S9frqno2SE3,3BVjZPuB6Y6rcGBdW5Hfeis639dezNQRXDYE8VgR8HdS
Generating patient data for patientID_:58,9bc6208c45e4ddf73589a5496fa4f19c58964785f78d018be0fe16436d697bdc,5B1g8rKbkWWdwiXtmzKYb7559LdFPKsvWMKcmExRhRu2,3TNhv5W7P9nwCCTkrpXpdLTh4LcDB81DZR6CCQHKvjhf
Generating patient data for patientID_:59,1402137a0617a75e95a9c42a179191bb01be3d1a3390059a0e83ac1615d30c95,EBe2AA5vDWCwiZc8vT7FmtDXzxb2hKtH6vFvDnnqTXNE,BPhN9v3J1cCy3XgjJcSK4JkbTXAtcNMiW3RgVbpcCMxP
Generating patient data for patientID_:60,a5e18aa951ed74c640e67639a2dd87f3c767b0c71eb3bccfd6b91131a2cdb868,CffCahuhnL12tCzN5sCNn5FuPDqeKDmWb3bfArvSb8kf,8feGeeLXV1qDHDyAiyNcyj1NMFofs7gYKbGLVRPsQTyf
Generating patient data for patientID_:61,ed63e5400111402ebe95c47ac624f354578508d061534fbdedcbdb6ed3dca556,EFUs3fNPRuBkvoTfNfnWqsETKsPeNGJqA279KPU4zsYh,Eah25v6aRPurqSxivEzbAGDK919b45pxGBKqsULD7eHL
Generating patient data for patientID_:62,62959e1fd4fe50bd0be9a2858361431f15539b3e9c678cb2b2661f30bad65b8c,aRpwVrbYJpUP5bz4NjbKFvgxUDPzW4JmS9jwzKsYHd4,97vVnbDSRaCcbanWayPghQkMufCXAEPvXfJq69T2caaK
Generating patient data for patientID_:63,f5eae0667984524f9a69b75269b0a62e402949743339f1d0911267d6c2ea8795,9xnZegxkYLSkVT4LCyw7N36AyBhRPbZmNHPM3h3CH8KF,4Hu5HgETAiEETLJGZ4DMBFUfGZVJcohTkGnF3GLkPfF6
Generating patient data for patientID_:64,32cf71d1106e7b45765e26975d43d3b890f81fdd659c50cf2a94cd79aae8767d,EZcSqq9ZCRESUY2Wy3yJz2TD3XH5xXig67kENKEn4rGA,AfP9CMzqEEPuQ7WkGFxyymqqydh7o1E2Qe6uBhZtc4Na
Generating patient data for patientID_:65,34bb42fe20148160e0e6d9513db6f6c9d5beae0fb640d1495e632d2ce9f6e07a,BX7NS4TEXAXwHunLGNSwV11FFMMFsGBSYkMZJRpn5ZUs,EZYUZSRvg6skVWCHpmLYHPdy7Fmk8CFmRukRvv7ZqkLN
Generating patient data for patientID_:66,38b146653a2ab800cd1ca03d0815f451aba10f63c7a042dec397a88090444ce7,95CZjRDc4nUXV6ngpeKbghcgCDfZH1mQmSDku2A7SWAz,5qktSLLWUR8F2YzxhTPQxZDYE9kM46FydTADEJN61X5A
Generating patient data for patientID_:67,c070ac731d9fa840be1f7b966f7cba29fdb7bd485fe693e2bffaff942a224a24,4E6R57rTSNTZkakPEAqTu3CysKvVmEy7AogesZymqmqm,Edo3dTT3dbkz7CA3aDCccCpHHP8i9rZFdAwcTmi8dgEj
Generating patient data for patientID_:68,d0d5ed203955983fbc2e5f2006b7f34922900dcfbee9d550648b01eae801370e,4RMgXP7bEiP9WeaBPwy29WdSyB1XCC8XRL2UXvfLRyK4,9rxAxrjzfinqrxZRSktSy1hGfXdy3qdZcRfRN2LiSCwi
Generating patient data for patientID_:69,060bf566079dd81e25d11929c0f689a15f70c7c39887bbf76d8fb1905f2edd93,4veY8rZpzrrYNNC9RqykPcsnjxSXfopNAEz2hWZ6BWV3,5VjiDKoXq8a9Pfm2638r97egdTinEXSMVP6f9MhuAZ1M
Generating patient data for patientID_:70,8cf3c133043a249625ade164c27f88c7f4998b088a5196206d99c62bb898ab98,97wMKKYti2QB89B3J4EHDJEHTdTjPtPmtvnLohQViUm5,CJkTQ2JJRk3Ls5QrX8W5vQnSXM8eHBRCTT36sYkKRhEX
Generating patient data for patientID_:71,1897a2478a1e2f459b1b37bc0f3632556d85edc3b3278db653b92e6744deec0c,FgenYkMJndw9HWxheoKcodrGEmEsZa7mJhecGgAYWKFt,BV7B6t3zKMspuDxXD6ksNU3aRiBTbWRKBv54pBjZfNs6
Generating patient data for patientID_:72,7c2c5814c3a76121f07bd50d8b6f44fee04f34defb07e31c97d4c5a7a8c5708d,DfoSX8p6ysCuQtEL36fBs7dDLijjqRWiNmuKV8LLiEoY,HaMwXdX6TKMndDFEDvw4KmCXUYmuthSVFVfFB3PSjbdp
Generating patient data for patientID_:73,aa2f98562b2eabed5b6eb6560b6d6c2853ace5206d3add9730aae0cb1517fd6b,6SthdkMzqCVgtCzw51ed3mXDwSiJ9UgMtfwmvACnjZtW,6XRrv49DozYVgxfHLqNa2ecEHkstUT7wQCUGPrfzTn8C
Generating patient data for patientID_:74,3ceae2bb076e503dccb3bace74e8373c20dacb5c2497a61230d285d5d3c9cd00,A4aXvRsFN6LG3JyhfSDAR77DbkDxq7sGRDcbD2vkSjuF,33py7uXczgXc86BUnsJVjU9v5EWNo6uGmCcjHans3syr
Generating patient data for patientID_:75,43542020dae888f93c47e6a3d1d696f702dfabda66c5d0ad8c0ab1c1db077442,Gv3yUpHR6iy5zvUiK2aS1bx2M554FJx3EGKuEEL48WVt,2mmf22Vn4EzAnawujg4qCwWLa1i7QKY5PFxuMpG7QwVs
Generating patient data for patientID_:76,8d5cc3e8cde668bd20ee274c75cd59c228dfd78eb8717beda02a61ca7820f389,2hWXsZ8QjPY6BMSnMGr3bzz66ftBaUt8suyr7eqUnUWT,As81Lvz6NuRSEg24nNNTZHTiaHPP4dF2pYnAeGv8bJLp
Generating patient data for patientID_:77,68f93edd669f20cd4d4e142b099f6199c45c0c064a5dc259425c5ad3e2bee92e,4QaxEGhp8XPY52pfSEkf2Fconp2BRiFRCW8zD8gR3ZJ8,7ox6HnqerqPrdDURMTD1NT2ha57w1XBpy3n8WT4VbRch
Generating patient data for patientID_:78,1dc9b82f4f0e6d54aa86cfabba3604426e2faef1dec8944143ea7d9adddd4a74,HG5MTTRDJTUwt6S814oNpmCV2kTzupuCAAr6qm8rjvj3,9qAGhmxJ78TrkPzvHENe3eiMajS2Tz4urWD1YMYkttvK
Generating patient data for patientID_:79,013fa1502a4d911b2de3825f81d16570049c769bc5b4738064c9d7256aa48190,Fi7upSkqYwphvNznvz1p91opsDrcmNMM2kpLZFJiqu9E,81DSh35BZNWA8356LpCdGmAPheNYJe9QFn6CZY6zWvu3
Generating patient data for patientID_:80,823acb1c4205b713768e15e07414ec7f4fd53abcef249ad8e01a28a362d0109f,E3knnQvgeWcMG6kdBgDsGp5jcrV8HhT6yeBJ5TDTCrTW,9Waqv5Gpw7DYBVNftUVG9jet8DGWWR3Vj6TBsMvkbYHh
Generating patient data for patientID_:81,da900418d1833e098dbe339e032e7648381f1653abcdbc4edb66b272a50d0672,4beSpyRNQjHPFBexCSxv6pyp7G2sREF3s9wZRd52zeG2,AMXB14CGiYyN73xYam6jFz8t1RYRYDZ6MgL7PPmC7p5T
Generating patient data for patientID_:82,b79a7ce75755fa9e32a2bf93dce3cc6499fc7280ba211bed573c66706abf052a,DSg4ZwxgNzSoDzC7hEc8mkAVjAJkN6hPKWZ5tzcaBJv5,7Wp6pCVmQf35SXaXCbg2bKeJbpNFRKjmRwvUPjbM1sT5
Generating patient data for patientID_:83,6c42b2957c05c228363af72892a89810702c818ebcfc06cec11a597d45d5655c,DAhha81HaKrQ46jvRR1nMpuZx5AtoKdwwbRo2v7mBj7N,2fuM39DxLo9WWW6YN7tsx54AMqgs6vCqduhLMCc1LtbG
Generating patient data for patientID_:84,61b16e88ed0fbcdeb4b0821cc9a0538d1da8d7ceb4424c05ad4946fe7b3d135b,79BSA4qmhK7FekjH2nrtKGZpmDNdX7tb73ZAnvXJaMcx,6oLv5TMUfA5BzMMoEF7PRnnbHTbTyS7ffbvKovY117sw
Generating patient data for patientID_:85,254014d2e7c3d16d8aabe2df57f027e4733cbf0b46821ed2fbbad3aaced93401,n4ArCFsTV6CuqfgeiFRWTUWUtf7knhYKHbtzj3A98Rs,9esQfZD1VMogqQ988s8aWQhNncKGn6tdFjhtGgNj18Gn
Generating patient data for patientID_:86,e98504819d314919435467fbbaa9d279e8d8b6d9370f4ab87bab022dc6943009,67RqqsdmxjudsmPBrnUfm2DccUvYWsMTzfJMgNKJh1Cx,Hvejy2zjSAWtMr2TBHPs2aCZkxvXyQ9FajGyRgetz7Vt
Generating patient data for patientID_:87,3631ae5419119f1ba25eb310fb3173a3b60298a29fedae84ccd0e29763c58fd8,CDht8Di9RD67KoATbUhJB9Snec2SW78tTkusZbHSxaqo,5P7XhdNRjJbsbkX3fZ8ruChhwmez5zUAefKLVCKg3nZM
Generating patient data for patientID_:88,73da768767a42814c80d299e31b7754a4712183c53509ec40ea312666c3904c5,Ecx3yY8MTqhY4Ec2CpNdXeuLhdRTWCn4hffgKJrvk8CM,14oDUM8kXXPPYjQWU29gAb91KTSXYC4kDucRCWhFPcX1
Generating patient data for patientID_:89,48ee2d7cea3141ef97665e99f982a64dadc2e9865bba7a4431f8d74282b54573,GqwrquUuH2Ce8vWpNENZxCpWszDY6fkrw7XNa2LXXECY,5RNjD6z7FhmVHz6zjeoiV5BMzkgrwkMTduwa8iqph4c9
Generating patient data for patientID_:90,b54e9a9037fcc6f1a4aead86bec0d04d39d74da6cbe04cad40a7d3cb806f8d89,DatbaFL7GptULqh3URcUfRtUmVq2Zaxf99LyXhEzWnap,Ajeqnfs2W7GxtNBWLJdMXQhfwBUNcLBP4ran6bFMj7dw
Generating patient data for patientID_:91,dddef38d18ef0314a396813f6d056f78581d563c18e90b0665bfbc0a19ad3098,DkYY1NuboJMQ7iYSWCkoFwRJ6zWEyjUNENYs2hTuYQNm,D6JpJFeRG8pNWCLnHavHUM81dvzC5ADuwbncb5YYDxN2
Generating patient data for patientID_:92,e567c33b686b0b12e0daf05d7d8d24f7aa4fae04c6887fccbf104bc5f70e38f7,7m6SxFd7eU57rBWquKe3bBDhoLV7V6jwReJJaqYzCi7F,2XCjpJuy5mHz4uzc2qrCwfBkqgDSVnEuDFNUyRRe1mzq
Generating patient data for patientID_:93,6ab4f9f7dc36d04c6dc926fc1f13663f94c957a5f0cdc0a0e2f3da50f9e28f8e,24wzDfuimQfmR38NESvSCaKmLp2jLYUckuRjC9Di2HrM,G35jHejT4a1PzpJ3srCcUVtWe712tWiMj1Q9rAtYrfaZ
Generating patient data for patientID_:94,c14642ee3160b1b35b59bb848100c815fd770602b70a7554b286d6f73fd49792,Es8kBcRny2zBXr9mWBJNAv3Ax7U82bKsLCXzaBw92XM9,DpiK4JWihpioVnA6LufdgV213T5Ry6PLQugKnpXG7bjr
Generating patient data for patientID_:95,30a8b9d5c0db392e6098cdb441690c783faf14d5efd09440894d5d826ca6bb8e,3nfaaYgfbQEYb1JJdaYEv8ihhJZEWt8rUH6zVYHxoE4H,GCxmdXRz6f1KVJmd2Kk3fudmLmebN6bC5Tc4QBx1Dx3K
Generating patient data for patientID_:96,35a43880a9ab36eb6cbfabbeb97adc0ad42f9f1a102ff831de1014a8e4d17fe1,AgDLkNAH9atEr85g2Ta6RtPBJ8HvNiQgDrg2MPHFSi47,6ASzG5ypSkAgmtkMKSS95VFmXQab7J5Ke4eL2qusUE2b
Generating patient data for patientID_:97,e0dfc0c886d137ec2ba8bc5f5b78b0b680b6b5ed75ce1dd13afcd19e0078abe3,61NmTsQXGVVSzNEeWJJrPQpbxDfQ9dQeBBrpcEUsVvat,6SoDpyFxNrTuTJYEu5WZtVYGDKKosBDWfgbpG6WkSUYu
Generating patient data for patientID_:98,3e8d6f0c30d371a54240e24c2af1985cbfff50d9581d5290b77c01f182945603,35ZSVcACPjnWKzFvnrcuyHET7a3jLRujwdPCRrBJqj3J,t9fybth7TXMfDLpGwhWSzvTfFMdxs7S5kxLobyeQUbf
Generating patient data for patientID_:99,04fc5562337e19bf88e12d4189bff4817439492b7460d3a15335ac130342b8b1,BDbTUS8aJSYQHqMjbu42nDtjTke41sv8pUNKuV5jgjB,6D9ZCQoXjxUGu2BgHbDdhmHUQFmMvxhDAdskXvqbyQnh
Generating patient data for patientID_:100,258fea844a186cade07705d39569bb07923206cccda77f7148f34076ed4a2bd9,5g3JoMTepzVgcQMzoAT6M1eZALcJBeE9Fhai3AVEphJF,4mZqvvNWZkkRtPoDvi27q2WhFzZYjUWANC7FdkoqkVPS
